V00501,,1
V00502,,2
V00503,,2
V00504,,2
V00505,,1
V00507,,2
V00509,,1
V00511,,2
V00512,,1
V00514,,1
V00517,,2
V00518,,2
V00519,,2
V00520,,2
V00522,,1
V00523,,2
V00524,,1
V00525,,2
V00526,,1
V00527,,1
V00529,,2
V00532,,1
V00533,,1
V00534,,1
V00565,,2
PEM00002,,1
PES00001,,1
PHS00001,,6
PHS00001,,2
PHW00001,,20
PHW00003,,2
PHW00004,,2
PHW00005,,2
PHW00015,,4
PHW00016,,20
PTC00001,,4
PTC00002,,2
PTC00002 WITH TAPPED HOLE,,1
PTC00004,,3
PTG00003,,1
PTP00001,,1
PTR00001,,10
PTR00002 ,,2